{
    "R": [
        [
            -0.012033347683340745,
            0.011385483630507232,
            0.9998627752376981
        ],
        [
            -0.9998742474138353,
            0.010192053774701115,
            -0.01214954313833183
        ],
        [
            -0.010328983597063968,
            -0.9998832395846793,
            0.01126140734981762
        ]
    ],
    "T": [
        [
            59.707876051735944
        ],
        [
            -10.701872433210866
        ],
        [
            184.59020993529276
        ]
    ],
    "end2base_path": "output/calib_output/measure/end2base/end2base-2024-06-05_21-05-58.json"
}