{
    "R": [
        [
            -0.98363937722889,
            0.09467260124391959,
            0.15326667654278708
        ],
        [
            -0.15110132882706181,
            0.02967501984877341,
            -0.9880727613003362
        ],
        [
            -0.09809161019912797,
            -0.995066074072815,
            -0.014884362191831313
        ]
    ],
    "T": [
        [
            -56.51431099968458
        ],
        [
            12.65597704137937
        ],
        [
            170.63340801577152
        ]
    ],
    "end2base_path": "./output/calib_output/measure/end2base/end2base-2024-06-08_16-54-42.json"
}