{
    "R": [
        [
            -0.011482815377053424,
            -0.061282815675702484,
            0.9980543880239565
        ],
        [
            -0.9990382002014916,
            0.042944425532269515,
            -0.008857248662416883
        ],
        [
            -0.042318075206476846,
            -0.9971961656657938,
            -0.06171699678579423
        ]
    ],
    "T": [
        [
            68.130135129188
        ],
        [
            19.61163007001764
        ],
        [
            208.72090612573928
        ]
    ],
    "end2base_path": "./calib_output/measure/end2base/end2base1.json"
}