{
    "R": [
        [
            0.00014929976023636549,
            0.009231240862936974,
            0.9999573800426256
        ],
        [
            -0.9999999621836089,
            -0.00022957159501180158,
            0.00015142543902491035
        ],
        [
            0.0002309596553806692,
            -0.9999573648356279,
            0.009231206238860645
        ]
    ],
    "T": [
        [
            71.65597704137937
        ],
        [
            -46.51431099968458
        ],
        [
            170.63340801577152
        ]
    ],
    "end2base_path": "./output/calib_output/measure/end2base/end2base-2024-06-06_20-12-54.json"
}