{
    "R": [
        [
            -0.011928498442375313,
            0.009408381510855268,
            0.9998845899813922
        ],
        [
            -0.9998530489470974,
            0.012200351050412728,
            -0.012042920967951287
        ],
        [
            -0.012312247402642529,
            -0.9998813098521209,
            0.009261467070784901
        ]
    ],
    "T": [
        [
            58.75463570314041
        ],
        [
            -12.462254079126083
        ],
        [
            184.99244088396608
        ]
    ],
    "end2base_path": "output/calib_output/measure/end2base/end2base-2024-06-05_21-05-58.json"
}