{
    "mtx": [
        [
            747.603,
            0.0,
            635.356
        ],
        [
            0.0,
            747.525,
            365.973
        ],
        [
            0.0,
            0.0,
            1.0
        ]
    ],
    "dist": [
        [
            0.08083492944080825,
            -0.10685304110554189,
            -0.0004162976458624756,
            -0.0006732855356732586,
            0.033618581467215115
        ]
    ]
}
